<odoo>
    <record id="session1" model="openacademy.session">
        <field name="name">Session 1</field>
        <field name="start_date">10.1.2018</field>
        <field name="duration">1</field>
        <field name="seats">10</field>
        <field name="course_id" ref="course1"/>
        <field name="instructor_id" ref="partner4"/>
        <field name="attendee_ids"
               eval="[(6, 0, [ref('partner1'), ref('partner2')])]"/>
    </record>
    <record id="session2" model="openacademy.session">
        <field name="name">Session 2</field>
        <field name="start_date">10.2.2018</field>
        <field name="duration">2</field>
        <field name="seats">10</field>
        <field name="course_id" ref="course2"/>
        <field name="attendee_ids"
               eval="[(6, 0, [ref('partner3'), ref('partner4')])]"/>
    </record>
    <record id="session3" model="openacademy.session">
        <field name="name">Session 3</field>
        <field name="start_date">10.3.2018</field>
        <field name="duration">3</field>
        <field name="seats">10</field>
        <field name="course_id" ref="course3"/>
    </record>
    <record id="session4" model="openacademy.session">
        <field name="name">Session 4</field>
        <field name="start_date">10.4.2018</field>
        <field name="duration">4</field>
        <field name="seats">10</field>
        <field name="course_id" ref="course4"/>
    </record>
    <record id="session5" model="openacademy.session">
        <field name="name">Session 5</field>
        <field name="start_date">10.5.2018</field>
        <field name="duration">5</field>
        <field name="seats">10</field>
        <field name="course_id" ref="course5"/>
    </record>
</odoo>